Workbook

Sheet CADASTRO PRODUTOS
A4: PRODUTO | B4: CUSTO KG | C4: PREÇO KG
A5: Macarrão espaguete cozido | B5: 12.54 | C5: 64.9
A6: Arroz cozido | B6: 2.44 | C6: 64.9
A7: Base quentinha | B7: 10.4
A8: Sobras clientes | B8: 0
A9: Sopa carne com legumes | B9: 14.7 | C9: 29.8
A10: Salada de maionese | C10: 64.9
A11: Feijoada | B11: 15 | C11: 64.9
A12: Fígado bovino | B12: 17 | C12: 64.9
A13: Creme de frango | C13: 64.9
A14: Baião | B14: 7.2 | C14: 64.9
A15: Batata frita | B15: 14.95 | C15: 64.9
A16: Couve | B16: 12 | C16: 64.9
A17: Salada crua | B17: 28 | C17: 64.9
A18: Vatapá | C18: 64.9
A19: Feijão carioca | B19: 6.1 | C19: 64.9
A20: Consumê de carne | B20: 28.65 | C20: 33.8
A21: Sopa de feijão | B21: 4.52 | C21: 29.8
A22: Feijão tropeiro | C22: 64.9
A23: Peixe ao molho de camarão | C23: 64.9
A24: Strogonoff de carne | C24: 64.9
A25: Frango desfiado | C25: 64.9

Sheet DESPERDÍCIO SETEMBRO
A1: CONTROLE DE DESPERDÍCIO
B3: CLIENTE: | C3: DONANA GOUMERT | F3: CMV ATUAL: | G3: 0.42
B4: MÊS: | C4: 45901 | F4: FATURAMENTO MÉDIO | G4: 200000
G5: =G4*G3 -> 84000
C7: CUSTO DE DESPERDÍCIO: | D7: =SUM(G11:G48) -> 590.1756 | G7: Venda desperdiçada | H7: =SUM(Tabela2[PREÇO DESPERDÍCIO]) -> 2760.6535
C8: % DESPERDÍCIO | D8: =D7/G5 -> 0.0070259 | G8: % | H8: =H7/G4 -> 0.013803267
B10: DATA | C10: PRODUTO | D10: CATEGORIA | E10: CUSTO KG | F10: PESO DESPERDÍCIO (Kg) | G10: CUSTO DESPERDÍCIO | H10: PREÇO DESPERDÍCIO | I10: MOTIVO DO DESPERDÍCIO
B11: 45901 | C11: Sobras clientes | D11: Sobras clientes | E11: =IFERROR(VLOOKUP(C11,'CADASTRO PRODUTOS'!A:B,2,0),"") -> 0 | F11: 3.156 | G11: =IFERROR(E11*F11,"") -> 0 | H11: =VLOOKUP(Tabela2[[#This Row],[PRODUTO]],'CADASTRO PRODUTOS'!A:C,3,0)*Tabela2[[#This Row],[PESO DESPERDÍCIO (Kg)]] -> 0 | I11: Sobras
B12: 45901 | C12: Sopa carne com legumes | D12: Sopas | E12: =IFERROR(VLOOKUP(C12,'CADASTRO PRODUTOS'!A:B,2,0),"") -> 14.7 | F12: 1.326 | G12: =IFERROR(E12*F12,"") -> 19.4922 | H12: =VLOOKUP(Tabela2[[#This Row],[PRODUTO]],'CADASTRO PRODUTOS'!A:C,3,0)*Tabela2[[#This Row],[PESO DESPERDÍCIO (Kg)]] -> 39.5148 | I12: Estragado
B13: 45901 | C13: Macarrão espaguete cozido | D13: Self service | E13: =IFERROR(VLOOKUP(C13,'CADASTRO PRODUTOS'!A:B,2,0),"") -> 12.54 | F13: 1 | G13: =IFERROR(E13*F13,"") -> 12.54 | H13: =VLOOKUP(Tabela2[[#This Row],[PRODUTO]],'CADASTRO PRODUTOS'!A:C,3,0)*Tabela2[[#This Row],[PESO DESPERDÍCIO (Kg)]] -> 64.9 | I13: Estragado
B14: 45901 | C14: Salada de maionese | D14: Self service | E14: =IFERROR(VLOOKUP(C14,'CADASTRO PRODUTOS'!A:B,2,0),"") -> 0 | F14: 0.694 | G14: =IFERROR(E14*F14,"") -> 0 | H14: =VLOOKUP(Tabela2[[#This Row],[PRODUTO]],'CADASTRO PRODUTOS'!A:C,3,0)*Tabela2[[#This Row],[PESO DESPERDÍCIO (Kg)]] -> 45.0406 | I14: Estragado
B15: 45902 | C15: Sobras clientes | D15: Sobras clientes | E15: =IFERROR(VLOOKUP(C15,'CADASTRO PRODUTOS'!A:B,2,0),"") -> 0 | F15: 1.556 | G15: =IFERROR(E15*F15,"") -> 0 | H15: =VLOOKUP(Tabela2[[#This Row],[PRODUTO]],'CADASTRO PRODUTOS'!A:C,3,0)*Tabela2[[#This Row],[PESO DESPERDÍCIO (Kg)]] -> 0 | I15: Sobras
B16: 45903 | C16: Sobras clientes | D16: Sobras clientes | E16: =IFERROR(VLOOKUP(C16,'CADASTRO PRODUTOS'!A:B,2,0),"") -> 0 | F16: 1.74 | G16: =IFERROR(E16*F16,"") -> 0 | H16: =VLOOKUP(Tabela2[[#This Row],[PRODUTO]],'CADASTRO PRODUTOS'!A:C,3,0)*Tabela2[[#This Row],[PESO DESPERDÍCIO (Kg)]] -> 0 | I16: Sobras
B17: 45903 | C17: Feijoada | D17: Self service | E17: =IFERROR(VLOOKUP(C17,'CADASTRO PRODUTOS'!A:B,2,0),"") -> 15 | F17: 1.76 | G17: =IFERROR(E17*F17,"") -> 26.4 | H17: =VLOOKUP(Tabela2[[#This Row],[PRODUTO]],'CADASTRO PRODUTOS'!A:C,3,0)*Tabela2[[#This Row],[PESO DESPERDÍCIO (Kg)]] -> 114.224 | I17: Estragado
B18: 45903 | C18: Fígado bovino | D18: Self service | E18: =IFERROR(VLOOKUP(C18,'CADASTRO PRODUTOS'!A:B,2,0),"") -> 17 | F18: 0.348 | G18: =IFERROR(E18*F18,"") -> 5.916 | H18: =VLOOKUP(Tabela2[[#This Row],[PRODUTO]],'CADASTRO PRODUTOS'!A:C,3,0)*Tabela2[[#This Row],[PESO DESPERDÍCIO (Kg)]] -> 22.5852 | I18: Estragado
B19: 45903 | C19: Creme de frango | D19: Self service | E19: =IFERROR(VLOOKUP(C19,'CADASTRO PRODUTOS'!A:B,2,0),"") -> 0 | F19: 2.272 | G19: =IFERROR(E19*F19,"") -> 0 | H19: =VLOOKUP(Tabela2[[#This Row],[PRODUTO]],'CADASTRO PRODUTOS'!A:C,3,0)*Tabela2[[#This Row],[PESO DESPERDÍCIO (Kg)]] -> 147.4528 | I19: Estragado
B20: 45903 | C20: Baião | D20: Self service | E20: =IFERROR(VLOOKUP(C20,'CADASTRO PRODUTOS'!A:B,2,0),"") -> 7.2 | F20: 2.674 | G20: =IFERROR(E20*F20,"") -> 19.2528 | H20: =VLOOKUP(Tabela2[[#This Row],[PRODUTO]],'CADASTRO PRODUTOS'!A:C,3,0)*Tabela2[[#This Row],[PESO DESPERDÍCIO (Kg)]] -> 173.5426 | I20: Estragado
B21: 45903 | C21: Batata frita | D21: Self service | E21: =IFERROR(VLOOKUP(C21,'CADASTRO PRODUTOS'!A:B,2,0),"") -> 14.95 | F21: 0.518 | G21: =IFERROR(E21*F21,"") -> 7.7441 | H21: =VLOOKUP(Tabela2[[#This Row],[PRODUTO]],'CADASTRO PRODUTOS'!A:C,3,0)*Tabela2[[#This Row],[PESO DESPERDÍCIO (Kg)]] -> 33.6182 | I21: Sem aproveitamento
B22: 45904 | C22: Couve | D22: Self service | E22: =IFERROR(VLOOKUP(C22,'CADASTRO PRODUTOS'!A:B,2,0),"") -> 12 | F22: 0.645 | G22: =IFERROR(E22*F22,"") -> 7.74 | H22: =VLOOKUP(Tabela2[[#This Row],[PRODUTO]],'CADASTRO PRODUTOS'!A:C,3,0)*Tabela2[[#This Row],[PESO DESPERDÍCIO (Kg)]] -> 41.8605 | I22: Estragado
... B48: 45930 | C48: Sobras clientes | D48: Sobras clientes | E48: =IFERROR(VLOOKUP(C48,'CADASTRO PRODUTOS'!A:B,2,0),"") -> 0 | F48: 1.59 | G48: =IFERROR(E48*F48,"") -> 0 | H48: =VLOOKUP(Tabela2[[#This Row],[PRODUTO]],'CADASTRO PRODUTOS'!A:C,3,0)*Tabela2[[#This Row],[PESO DESPERDÍCIO (Kg)]] -> 0 | I48: Sobras

Sheet DESPERDÍCIO OUTUBRO
A1: CONTROLE DE DESPERDÍCIO
B3: CLIENTE: | C3: DONANA GOUMERT | F3: CMV ATUAL: | G3: 0.42
B4: MÊS: | C4: 45931 | F4: FATURAMENTO MÉDIO | G4: 200000
G5: =G4*G3 -> 84000
C7: CUSTO DE DESPERDÍCIO: | D7: =SUM(G11:G57) -> 504.91718 | G7: Venda desperdiçada | H7: =SUM(Tabela22[PREÇO DESPERDÍCIO]) -> 2796.1556
C8: % DESPERDÍCIO | D8: =D7/G5 -> 0.0060109188 | G8: % | H8: =H7/G4 -> 0.013980778
B10: DATA | C10: PRODUTO | D10: CATEGORIA | E10: CUSTO KG | F10: PESO DESPERDÍCIO (Kg) | G10: CUSTO DESPERDÍCIO | H10: PREÇO DESPERDÍCIO | I10: MOTIVO DO DESPERDÍCIO
B11: 45931 | C11: Sobras clientes | D11: Sobras clientes | E11: =IFERROR(VLOOKUP(C11,'CADASTRO PRODUTOS'!A:B,2,0),"") -> 0 | F11: 1.852 | G11: =IFERROR(E11*F11,"") -> 0 | H11: =IFERROR(VLOOKUP(Tabela22[[#This Row],[PRODUTO]],'CADASTRO PRODUTOS'!A:C,3,0)*Tabela22[[#This Row],[PESO DESPERDÍCIO (Kg)]],"") -> 0 | I11: Estragado
B12: 45932 | C12: Consumê de carne | D12: Sopas | E12: =IFERROR(VLOOKUP(C12,'CADASTRO PRODUTOS'!A:B,2,0),"") -> 28.65 | F12: 3.21 | G12: =IFERROR(E12*F12,"") -> 91.9665 | H12: =IFERROR(VLOOKUP(Tabela22[[#This Row],[PRODUTO]],'CADASTRO PRODUTOS'!A:C,3,0)*Tabela22[[#This Row],[PESO DESPERDÍCIO (Kg)]],"") -> 108.498 | I12: Estragado
B13: 45932 | C13: Sopa de feijão | D13: Sopas | E13: =IFERROR(VLOOKUP(C13,'CADASTRO PRODUTOS'!A:B,2,0),"") -> 4.52 | F13: 3.164 | G13: =IFERROR(E13*F13,"") -> 14.30128 | H13: =IFERROR(VLOOKUP(Tabela22[[#This Row],[PRODUTO]],'CADASTRO PRODUTOS'!A:C,3,0)*Tabela22[[#This Row],[PESO DESPERDÍCIO (Kg)]],"") -> 94.2872 | I13: Estragado
B14: 45932 | C14: Feijão tropeiro | D14: Sopas | E14: =IFERROR(VLOOKUP(C14,'CADASTRO PRODUTOS'!A:B,2,0),"") -> 0 | F14: 0.37 | G14: =IFERROR(E14*F14,"") -> 0 | H14: =IFERROR(VLOOKUP(Tabela22[[#This Row],[PRODUTO]],'CADASTRO PRODUTOS'!A:C,3,0)*Tabela22[[#This Row],[PESO DESPERDÍCIO (Kg)]],"") -> 24.013 | I14: Sem aproveitamento
B15: 45932 | C15: Sobras clientes | D15: Sobras clientes | E15: =IFERROR(VLOOKUP(C15,'CADASTRO PRODUTOS'!A:B,2,0),"") -> 0 | F15: 1.838 | G15: =IFERROR(E15*F15,"") -> 0 | H15: =IFERROR(VLOOKUP(Tabela22[[#This Row],[PRODUTO]],'CADASTRO PRODUTOS'!A:C,3,0)*Tabela22[[#This Row],[PESO DESPERDÍCIO (Kg)]],"") -> 0 | I15: Sobras
B16: 45933 | C16: Sobras clientes | D16: Sobras clientes | E16: =IFERROR(VLOOKUP(C16,'CADASTRO PRODUTOS'!A:B,2,0),"") -> 0 | F16: 3.136 | G16: =IFERROR(E16*F16,"") -> 0 | H16: =IFERROR(VLOOKUP(Tabela22[[#This Row],[PRODUTO]],'CADASTRO PRODUTOS'!A:C,3,0)*Tabela22[[#This Row],[PESO DESPERDÍCIO (Kg)]],"") -> 0 | I16: Sobras
B17: 45936 | C17: Sobras clientes | D17: Sobras clientes | E17: =IFERROR(VLOOKUP(C17,'CADASTRO PRODUTOS'!A:B,2,0),"") -> 0 | F17: 2.16 | G17: =IFERROR(E17*F17,"") -> 0 | H17: =IFERROR(VLOOKUP(Tabela22[[#This Row],[PRODUTO]],'CADASTRO PRODUTOS'!A:C,3,0)*Tabela22[[#This Row],[PESO DESPERDÍCIO (Kg)]],"") -> 0 | I17: Sobras
B18: 45939 | C18: Sobras clientes | D18: Sobras clientes | E18: =IFERROR(VLOOKUP(C18,'CADASTRO PRODUTOS'!A:B,2,0),"") -> 0 | F18: 1.456 | G18: =IFERROR(E18*F18,"") -> 0 | H18: =IFERROR(VLOOKUP(Tabela22[[#This Row],[PRODUTO]],'CADASTRO PRODUTOS'!A:C,3,0)*Tabela22[[#This Row],[PESO DESPERDÍCIO (Kg)]],"") -> 0 | I18: Sobras
B19: 45939 | C19: Feijão carioca | D19: Self service | E19: =IFERROR(VLOOKUP(C19,'CADASTRO PRODUTOS'!A:B,2,0),"") -> 6.1 | F19: 1.382 | G19: =IFERROR(E19*F19,"") -> 8.4302 | H19: =IFERROR(VLOOKUP(Tabela22[[#This Row],[PRODUTO]],'CADASTRO PRODUTOS'!A:C,3,0)*Tabela22[[#This Row],[PESO DESPERDÍCIO (Kg)]],"") -> 89.6918 | I19: Estragado
B20: 45939 | C20: Consumê de carne | D20: Sopas | E20: =IFERROR(VLOOKUP(C20,'CADASTRO PRODUTOS'!A:B,2,0),"") -> 28.65 | F20: 2.276 | G20: =IFERROR(E20*F20,"") -> 65.2074 | H20: =IFERROR(VLOOKUP(Tabela22[[#This Row],[PRODUTO]],'CADASTRO PRODUTOS'!A:C,3,0)*Tabela22[[#This Row],[PESO DESPERDÍCIO (Kg)]],"") -> 76.9288 | I20: Estragado
B21: 45940 | C21: Sobras clientes | D21: Sobras clientes | E21: =IFERROR(VLOOKUP(C21,'CADASTRO PRODUTOS'!A:B,2,0),"") -> 0 | F21: 2.004 | G21: =IFERROR(E21*F21,"") -> 0 | H21: =IFERROR(VLOOKUP(Tabela22[[#This Row],[PRODUTO]],'CADASTRO PRODUTOS'!A:C,3,0)*Tabela22[[#This Row],[PESO DESPERDÍCIO (Kg)]],"") -> 0 | I21: Sobras
B22: 45942 | C22: Macarrão espaguete cozido | D22: Self service | E22: =IFERROR(VLOOKUP(C22,'CADASTRO PRODUTOS'!A:B,2,0),"") -> 12.54 | F22: 2.078 | G22: =IFERROR(E22*F22,"") -> 26.05812 | H22: =IFERROR(VLOOKUP(Tabela22[[#This Row],[PRODUTO]],'CADASTRO PRODUTOS'!A:C,3,0)*Tabela22[[#This Row],[PESO DESPERDÍCIO (Kg)]],"") -> 134.8622 | I22: Estragado
... B57: 45958 | C57: Sobras clientes | D57: Sobras clientes | E57: =IFERROR(VLOOKUP(C57,'CADASTRO PRODUTOS'!A:B,2,0),"") -> 0 | F57: 1.722 | G57: =IFERROR(E57*F57,"") -> 0 | H57: =IFERROR(VLOOKUP(Tabela22[[#This Row],[PRODUTO]],'CADASTRO PRODUTOS'!A:C,3,0)*Tabela22[[#This Row],[PESO DESPERDÍCIO (Kg)]],"") -> 0 | I57: Sobras
F59: =SUM(Tabela22[PESO DESPERDÍCIO (Kg)]) -> 91.992
